{
  "version": 2,
  "artifactType": {
    "type": "APK",
    "kind": "Directory"
  },
  "applicationId": "com.imperialplacenew",
  "variantName": "processReleaseResources",
  "elements": [
    {
      "type": "ONE_OF_MANY",
      "filters": [
        {
          "filterType": "ABI",
          "value": "x86_64"
        }
      ],
      "versionCode": 1004,
      "versionName": "1.0",
      "outputFile": "app-x86_64-release.apk"
    },
    {
      "type": "ONE_OF_MANY",
      "filters": [
        {
          "filterType": "ABI",
          "value": "armeabi-v7a"
        }
      ],
      "versionCode": 1001,
      "versionName": "1.0",
      "outputFile": "app-armeabi-v7a-release.apk"
    },
    {
      "type": "ONE_OF_MANY",
      "filters": [
        {
          "filterType": "ABI",
          "value": "arm64-v8a"
        }
      ],
      "versionCode": 1003,
      "versionName": "1.0",
      "outputFile": "app-arm64-v8a-release.apk"
    },
    {
      "type": "ONE_OF_MANY",
      "filters": [
        {
          "filterType": "ABI",
          "value": "x86"
        }
      ],
      "versionCode": 1002,
      "versionName": "1.0",
      "outputFile": "app-x86-release.apk"
    }
  ]
}